City_ID,City,Country,Lat,Lng,Max Temp,Humidity,Wind Speed,Current Description
0,Vaini,TO,-21.2,-175.2,75.2,94,11.5,moderate rain
1,Nanortalik,GL,60.1432,-45.2371,32.88,89,8.66,overcast clouds
2,Vannes,FR,47.8333,-2.5,50.0,100,13.8,mist
3,Chandbali,IN,20.7833,86.7667,63.5,63,5.28,clear sky
4,Mataram,ID,-8.5833,116.1167,75.2,100,1.14,broken clouds
5,Yellowknife,CA,62.456,-114.3525,-14.01,76,5.75,few clouds
6,Mataura,NZ,-46.1927,168.8643,58.39,56,1.97,scattered clouds
7,Castro,BR,-24.7911,-50.0119,65.95,97,3.76,light rain
8,Saint-Philippe,RE,-21.3585,55.7679,78.8,65,5.75,clear sky
9,Butaritari,KI,3.0707,172.7902,80.71,74,17.16,overcast clouds
10,Avarua,CK,-21.2078,-159.775,82.4,78,2.3,light rain
11,Hobart,AU,-42.8794,147.3294,66.99,77,5.75,few clouds
12,Albany,US,42.6001,-73.9662,15.01,44,17.0,broken clouds
13,Anadyr,RU,64.75,177.4833,-27.0,75,4.47,clear sky
14,Boden,SE,65.8252,21.6886,-0.4,85,8.05,overcast clouds
15,Punta Arenas,CL,-53.15,-70.9167,50.0,57,19.57,scattered clouds
16,Esperance,AU,-33.8667,121.9,55.4,88,5.75,clear sky
17,Jamestown,US,42.097,-79.2353,21.0,73,16.11,light snow
18,East London,ZA,-33.0153,27.9116,71.42,65,2.21,few clouds
19,Rundu,NA,-17.9333,19.7667,68.67,88,4.03,light rain
20,Tazovskiy,RU,67.4667,78.7,-37.43,79,6.15,clear sky
21,Klaksvik,FO,62.2266,-6.589,33.8,64,4.61,overcast clouds
22,Carnarvon,AU,-24.8667,113.6333,77.0,73,5.75,clear sky
23,Hithadhoo,MV,-0.6,73.0833,81.5,75,9.98,broken clouds
24,Akyab,MM,20.15,92.9,60.58,78,7.2,clear sky
25,Kahului,US,20.8947,-156.47,78.8,57,18.41,scattered clouds
26,Chuy,UY,-33.6971,-53.4616,74.93,74,6.11,clear sky
27,Hermanus,ZA,-34.4187,19.2345,61.0,90,3.69,overcast clouds
28,Miracema,BR,-21.4122,-42.1967,77.99,77,1.45,broken clouds
29,Rafsanjan,IR,30.4067,55.9939,54.77,37,5.59,broken clouds
30,Puerto Ayora,EC,-0.7393,-90.3518,84.2,70,12.66,light rain
31,Zhezkazgan,KZ,47.8043,67.7144,13.51,94,12.01,scattered clouds
32,Busselton,AU,-33.65,115.3333,62.01,84,3.0,clear sky
33,Trairi,BR,-3.2778,-39.2689,80.4,77,9.8,light rain
34,Qaanaaq,GL,77.484,-69.3632,-14.28,61,5.48,clear sky
35,Ahuimanu,US,21.4447,-157.8378,80.6,69,11.5,scattered clouds
36,Mahebourg,MU,-20.4081,57.7,80.6,83,8.05,light rain
37,Mehamn,NO,71.0357,27.8492,21.2,79,6.91,clear sky
38,Bavleny,RU,56.4,39.56,25.52,98,12.19,overcast clouds
39,Ushuaia,AR,-54.8,-68.3,42.8,70,24.16,light intensity drizzle
40,Narsaq,GL,60.9167,-46.05,44.6,29,25.32,broken clouds
41,Port Hedland,AU,-20.3167,118.5667,80.6,89,4.61,scattered clouds
42,Lebu,CL,-37.6167,-73.65,58.44,92,3.42,overcast clouds
43,New Norfolk,AU,-42.7826,147.0587,66.99,88,2.77,broken clouds
44,Barrow,US,71.2906,-156.7887,-9.4,70,11.5,overcast clouds
45,Camacha,PT,33.0833,-16.3333,62.6,77,5.75,scattered clouds
46,Rikitea,PF,-23.1203,-134.9692,80.11,67,7.54,overcast clouds
47,Port Elizabeth,ZA,-33.918,25.5701,62.6,82,4.61,clear sky
48,Mizdah,LY,31.4451,12.9801,56.41,43,11.63,clear sky
49,Viedma,AR,-40.8135,-62.9967,68.0,53,19.84,broken clouds
50,Namibe,AO,-15.1961,12.1522,74.41,73,8.3,scattered clouds
51,Tsiroanomandidy,MG,-18.7667,46.0333,69.89,87,2.28,broken clouds
52,Severo-Kurilsk,RU,50.6789,156.125,21.4,91,14.29,overcast clouds
53,San Patricio,US,28.017,-97.5169,71.6,56,16.11,broken clouds
54,Hilo,US,19.7297,-155.09,78.8,69,5.88,light rain
55,Fort Thomas,US,39.0751,-84.4472,34.0,47,3.44,clear sky
56,Askiz,RU,53.1319,90.5264,22.33,92,14.18,broken clouds
57,Biak,ID,-0.9131,122.8766,75.63,71,3.27,heavy intensity rain
58,Cabo San Lucas,MX,22.8909,-109.9124,86.0,60,13.8,clear sky
59,Ponta Do Sol,PT,32.6667,-17.1,57.0,75,3.0,broken clouds
60,Upernavik,GL,72.7868,-56.1549,-7.37,82,11.83,broken clouds
61,Port Alfred,ZA,-33.5906,26.891,64.0,87,1.99,clear sky
62,Kjopsvik,NO,68.097,16.3742,19.0,73,4.61,clear sky
63,Georgetown,MY,5.4112,100.3354,78.01,83,3.44,few clouds
64,Cidreira,BR,-30.1811,-50.2056,78.24,87,8.72,overcast clouds
65,Varna,BG,43.2167,27.9167,41.0,60,3.44,clear sky
66,Alice Springs,AU,-23.7,133.8833,82.99,57,9.22,overcast clouds
67,Bredasdorp,ZA,-34.5322,20.0403,61.0,90,3.85,broken clouds
68,Geraldton,AU,-28.7667,114.6,80.6,26,23.02,clear sky
69,Portland,US,45.5234,-122.6762,46.99,71,5.75,broken clouds
70,Bontang,ID,0.1333,117.5,76.23,86,7.61,overcast clouds
71,Isangel,VU,-19.55,169.2667,84.2,70,15.88,few clouds
72,Kropotkin,RU,45.4375,40.5756,34.95,88,7.23,overcast clouds
73,Verkhnya Syrovatka,UA,50.829,34.9586,27.27,97,10.51,snow
74,Beitbridge,ZW,-22.2167,30.0,77.77,72,12.88,overcast clouds
75,Flinders,AU,-34.5833,150.8552,72.0,98,5.99,light rain
76,Tuktoyaktuk,CA,69.4541,-133.0374,-34.6,67,2.3,few clouds
77,Mocuba,MZ,-16.8392,36.9856,74.01,98,2.82,overcast clouds
78,Cap-Aux-Meules,CA,47.3821,-61.8597,26.6,80,19.57,overcast clouds
79,Abnub,EG,27.2696,31.1511,50.0,62,9.22,clear sky
80,Havoysund,NO,70.9963,24.6622,21.2,73,10.36,scattered clouds
81,Te Anau,NZ,-45.4167,167.7167,51.71,68,1.03,scattered clouds
82,Saskylakh,RU,71.9167,114.0833,-38.63,78,0.81,scattered clouds
83,Baie-Comeau,CA,49.2168,-68.1489,10.4,52,8.05,clear sky
84,Esna,EG,25.2934,32.554,53.6,58,3.44,clear sky
85,Kendari,ID,-3.945,122.4989,73.72,94,1.41,overcast clouds
86,Cape Town,ZA,-33.9258,18.4232,70.0,82,8.05,few clouds
87,Byron Bay,AU,-28.65,153.6167,73.4,88,5.75,broken clouds
88,Staryy Nadym,RU,65.6118,72.6842,-42.83,79,5.12,clear sky
89,Sao Joao Da Barra,BR,-21.6403,-41.0511,80.6,69,20.71,clear sky
90,Bengkulu,ID,-3.8004,102.2655,75.06,88,5.61,overcast clouds
91,Kavieng,PG,-2.5744,150.7967,82.67,82,15.01,light rain
92,Mazatlan,MX,23.2167,-106.4167,78.8,50,9.22,scattered clouds
93,Bethel,US,41.3712,-73.414,19.4,45,11.5,clear sky
94,Marawi,PH,7.9986,124.2928,71.01,90,5.99,broken clouds
95,Kiunga,PG,-6.1219,141.2906,74.71,96,2.19,overcast clouds
96,Shimoda,JP,34.6667,138.95,30.0,63,13.65,clear sky
97,Ixtapa,MX,20.7,-105.2,77.0,78,13.8,scattered clouds
98,Ilulissat,GL,69.2167,-51.1,-0.4,55,8.05,clear sky
99,Titusville,US,28.6122,-80.8075,60.8,51,8.05,clear sky
100,Torbay,CA,47.6666,-52.7314,28.0,93,17.27,light snow
101,Melilla,ES,35.2937,-2.9383,57.2,94,4.61,few clouds
102,Thompson,CA,55.7435,-97.8558,8.6,78,4.61,overcast clouds
103,Harper,LR,4.375,-7.7169,78.13,85,5.06,overcast clouds
104,Arraial Do Cabo,BR,-22.9661,-42.0278,82.4,73,17.27,clear sky
105,Ngorongoro,TZ,-3.2397,35.4875,53.4,89,3.44,overcast clouds
106,Astana,KZ,51.1801,71.446,-2.2,84,6.71,clear sky
107,Akdagmadeni,TR,39.6603,35.8836,20.53,86,6.44,few clouds
108,Tasiilaq,GL,65.6145,-37.6368,15.8,79,26.46,overcast clouds
109,Milici,BA,44.1711,19.0903,41.0,100,2.3,mist
110,Am Timan,TD,11.0297,20.2827,74.82,20,7.74,clear sky
111,Bluff,NZ,-46.6,168.3333,52.9,67,1.83,broken clouds
112,Tombouctou,ML,20.0,-3.0,70.68,20,11.95,clear sky
113,Wanaka,NZ,-44.7,169.15,55.22,57,3.18,clear sky
114,Port Lincoln,AU,-34.7333,135.8667,62.92,67,11.18,broken clouds
115,Matara,LK,5.9485,80.5353,75.16,87,1.88,overcast clouds
116,Savonlinna,FI,61.8699,28.88,26.6,86,10.36,light snow
117,Kapaa,US,22.0752,-159.319,77.0,69,18.41,scattered clouds
118,Houma,US,29.5958,-90.7195,63.0,55,5.75,clear sky
119,Mildura,AU,-34.2,142.15,64.0,77,10.36,clear sky
120,Zhigansk,RU,66.7697,123.3711,-45.35,77,9.37,broken clouds
121,Ambon,ID,-3.6954,128.1814,78.8,73,4.61,scattered clouds
122,Glenwood Springs,US,39.5505,-107.3248,50.0,63,9.22,overcast clouds
123,Barranca,PE,-10.75,-77.7667,73.38,71,10.29,scattered clouds
124,Meulaboh,ID,4.1363,96.1285,74.34,88,6.8,overcast clouds
125,Yar-Sale,RU,66.8333,70.8333,-41.69,81,3.4,few clouds
126,Veyrier,CH,46.167,6.1844,46.4,81,10.36,broken clouds
127,Altay,CN,47.8667,88.1167,3.42,78,1.83,scattered clouds
128,Sao Filipe,CV,14.8961,-24.4956,75.45,55,9.28,broken clouds
129,Faanui,PF,-16.4833,-151.75,80.69,69,5.79,light rain
130,Cascais,PT,38.6979,-9.4215,59.0,100,14.07,overcast clouds
131,Cockburn Town,TC,21.4612,-71.1419,71.6,56,17.27,broken clouds
132,Kaeo,NZ,-35.1,173.7833,63.0,92,4.0,scattered clouds
133,Diego De Almagro,CL,-26.3667,-70.05,78.57,21,10.71,clear sky
134,Rafai,CF,4.95,23.9167,79.32,48,1.07,overcast clouds
135,Normandin,CA,48.8333,-72.5321,6.8,72,11.5,overcast clouds
136,Villa Maria,AR,-32.4075,-63.2402,90.73,33,2.64,few clouds
137,Aberdeen,GB,57.1437,-2.0981,32.0,93,6.91,overcast clouds
138,Beringovskiy,RU,63.05,179.3167,-16.19,85,10.0,few clouds
139,Aksarka,RU,66.5606,67.7975,-43.02,80,2.75,few clouds
140,Alofi,NU,-19.0595,-169.9187,78.8,89,11.5,moderate rain
141,Faya,SA,18.3851,42.4509,59.0,38,11.5,clear sky
142,Ambilobe,MG,-13.2,49.05,73.81,93,1.74,light rain
143,Komsomolskiy,UZ,40.4272,71.7189,30.2,55,6.91,broken clouds
144,Hasaki,JP,35.7333,140.8333,33.8,40,14.97,few clouds
145,Twentynine Palms,US,34.1356,-116.0542,53.6,47,14.97,broken clouds
146,Solnechnyy,RU,50.7214,136.6319,-7.11,88,5.39,overcast clouds
147,Maria Chiquita,PA,9.4431,-79.7558,82.0,66,11.99,overcast clouds
148,Gizo,SB,-8.103,156.8419,83.68,77,14.45,moderate rain
149,Kodiak,US,57.79,-152.4072,35.6,64,10.36,broken clouds
150,Clyde River,CA,70.4692,-68.5914,-13.0,77,16.11,few clouds
151,Lukovetskiy,RU,64.2956,41.9211,17.6,86,13.42,light snow
152,Provideniya,RU,64.3833,-173.3,-7.28,82,7.67,overcast clouds
153,Codrington,AU,-38.2667,141.9667,60.76,80,11.27,overcast clouds
154,Dikson,RU,73.5069,80.5464,-31.92,85,6.42,overcast clouds
155,Chokurdakh,RU,70.6333,147.9167,-24.74,86,7.65,overcast clouds
156,Shaunavon,CA,49.6501,-108.4181,17.6,79,3.44,overcast clouds
157,Atuona,PF,-9.8,-139.0333,78.69,76,19.37,clear sky
158,Mednogorsk,RU,51.4128,57.595,20.37,97,7.49,snow
159,Haines Junction,CA,60.7522,-137.5108,-2.2,71,2.01,overcast clouds
160,Saint George,US,37.1041,-113.5841,46.4,71,4.61,broken clouds
161,Nuuk,GL,64.1835,-51.7216,24.8,86,10.36,clear sky
162,Quatre Cocos,MU,-20.2078,57.7625,80.6,83,8.05,light rain
163,Tiksi,RU,71.6872,128.8694,-31.49,84,4.23,overcast clouds
164,Russell,US,32.3502,-85.1999,59.0,23,1.21,clear sky
165,Cherskiy,RU,68.75,161.3,-32.93,83,4.52,scattered clouds
166,Ouango,CF,4.3133,22.5552,70.41,89,1.07,overcast clouds
167,Port-Gentil,GA,-0.7193,8.7815,80.6,83,3.44,few clouds
168,Noyabrsk,RU,63.1994,75.4507,-41.64,80,7.54,few clouds
169,Nikolskoye,RU,59.7035,30.7861,33.01,93,8.95,snow
170,Emerald,AU,-23.5333,148.1667,80.6,57,10.36,clear sky
171,Stornoway,GB,58.2093,-6.3865,37.4,75,9.22,clear sky
172,Jesi,IT,43.5288,13.2402,42.01,100,4.61,mist
173,Evensk,RU,61.95,159.2333,-4.97,83,13.38,overcast clouds
174,Touros,BR,-5.1989,-35.4608,80.6,74,12.66,few clouds
175,Skoutari,GR,41.0167,23.5167,45.0,62,1.99,overcast clouds
176,Alta,NO,69.9689,23.2717,12.2,67,6.91,overcast clouds
177,Talara,PE,-4.5772,-81.2719,76.77,76,12.68,clear sky
178,Keti Bandar,PK,24.1447,67.4497,62.06,66,9.01,clear sky
179,Timra,SE,62.487,17.3257,8.01,92,4.61,light snow
180,Metro,ID,-5.1131,105.3067,73.22,95,6.04,light rain
181,Sistranda,NO,63.7256,8.834,35.6,93,21.85,broken clouds
182,Katsuura,JP,35.1333,140.3,36.0,48,17.27,few clouds
183,Sinjai,ID,-5.1241,120.253,77.88,74,4.25,overcast clouds
184,Airai,TL,-8.9266,125.4092,61.68,100,4.12,overcast clouds
185,Lorengau,PG,-2.0226,147.2712,83.71,75,10.22,overcast clouds
186,Coro,VE,11.4045,-69.6734,79.07,71,16.6,broken clouds
187,Goundam,ML,16.4145,-3.6708,72.43,19,11.25,clear sky
188,Boyolangu,ID,-8.1181,111.8935,74.39,89,4.25,moderate rain
189,Ahipara,NZ,-35.1667,173.1667,68.99,59,6.71,clear sky
190,Scarborough,GB,54.2797,-0.4044,37.0,87,5.01,overcast clouds
191,Road Town,VG,18.4167,-64.6167,78.01,73,3.44,few clouds
192,Fortuna,US,40.5982,-124.1573,55.99,81,8.05,clear sky
193,Leshukonskoye,RU,64.8989,45.7622,11.34,94,9.46,overcast clouds
194,Poronaysk,RU,49.2167,143.1167,8.98,92,13.13,overcast clouds
195,Studena,CZ,49.1852,15.2869,39.0,100,16.33,overcast clouds
196,Paamiut,GL,61.994,-49.6678,33.37,83,7.63,broken clouds
197,Kapit,MY,2.0167,112.9333,71.87,95,1.07,overcast clouds
198,Iglesias,IT,39.3114,8.535,60.8,63,16.11,few clouds
199,Frankfurt,DE,50.1167,8.6833,48.0,87,12.66,broken clouds
200,Khor,RU,47.8861,134.9464,-20.07,86,6.33,overcast clouds
201,Udachnyy,RU,66.4167,112.4,-36.9,80,4.7,broken clouds
202,Batangafo,CF,7.3008,18.2833,77.49,24,3.02,overcast clouds
203,Magway,MM,20.15,94.9167,63.81,46,2.04,clear sky
204,Pevek,RU,69.7008,170.3133,-29.18,85,3.0,clear sky
205,Sirohi,IN,24.8833,72.8667,47.53,50,2.71,clear sky
206,Gat,IL,31.61,34.7642,55.99,100,1.01,few clouds
207,Backa Topola,RS,45.8152,19.6318,42.33,93,7.25,overcast clouds
208,Kovdor,RU,67.5662,30.4758,4.66,95,4.16,overcast clouds
209,Yashkul,RU,46.1711,45.3435,36.95,79,6.91,overcast clouds
210,Saint-Pierre,RE,-21.3393,55.4781,78.8,65,5.75,clear sky
211,Sur,OM,22.5667,59.5289,64.17,55,8.25,clear sky
212,Hokitika,NZ,-42.7167,170.9667,61.52,51,4.94,clear sky
213,Point Fortin,TT,10.1833,-61.6833,81.0,77,1.01,broken clouds
214,Bejar,ES,40.3864,-5.7634,48.0,96,3.0,broken clouds
215,Guerrero Negro,MX,27.9769,-114.0611,66.67,57,16.2,clear sky
216,Kajaani,FI,64.2273,27.7285,17.6,93,10.36,light snow
217,Zabol,AF,32.25,67.25,32.88,68,2.17,scattered clouds
218,Beloha,MG,-25.1667,45.05,76.77,85,8.43,scattered clouds
219,Makakilo City,US,21.3469,-158.0858,80.6,50,10.36,few clouds
220,Terra Santa,BR,-2.1042,-56.4869,79.39,85,1.61,light rain
221,Khash,IR,28.2211,61.2158,47.07,40,3.36,clear sky
222,Blumberg,DE,47.8406,8.5333,43.0,90,1.99,overcast clouds
223,Praia Da Vitoria,PT,38.7333,-27.0667,57.2,82,6.62,few clouds
224,Farrukhnagar,IN,17.0778,78.2011,70.0,94,3.44,mist
225,Leh,IN,34.1667,77.5833,-0.62,65,2.35,few clouds
226,Beipiao,CN,41.7919,120.7792,6.4,87,7.81,clear sky
227,West Wendover,US,40.7391,-114.0733,44.6,57,8.05,overcast clouds
228,Mackay,AU,-21.15,149.2,78.8,83,10.36,overcast clouds
229,Santa Rosa,PH,14.3122,121.1114,75.99,73,3.44,few clouds
230,Boende,CD,-0.2167,20.8667,73.02,89,2.3,overcast clouds
231,Coquimbo,CL,-29.9533,-71.3436,66.2,68,12.66,few clouds
232,Catumbela,AO,-12.4314,13.5472,75.43,81,4.56,broken clouds
233,Kokemaki,FI,61.2565,22.3564,19.4,79,10.36,clear sky
234,Tefe,BR,-3.3542,-64.7114,82.4,78,3.44,few clouds
235,Orlik,RU,52.5178,99.825,3.81,84,5.35,overcast clouds
236,Jalu,LY,29.0331,21.5482,55.49,69,7.76,clear sky
237,El Alto,PE,-4.2714,-81.2147,75.4,77,12.57,few clouds
238,Longyearbyen,SJ,78.2186,15.6401,-0.4,55,24.16,few clouds
239,Mareeba,AU,-17.0,145.4333,81.0,83,10.36,scattered clouds
240,Ancud,CL,-41.8697,-73.8203,60.8,51,10.36,clear sky
241,Zlobin,HR,45.2924,14.6541,48.2,87,4.61,scattered clouds
242,Port Hardy,CA,50.6996,-127.4199,42.8,81,20.71,overcast clouds
243,Harrison,US,30.4091,-89.0436,55.99,41,4.61,clear sky
244,Khatanga,RU,71.9667,102.5,-44.0,74,2.64,clear sky
245,Kokopo,PG,-4.352,152.2633,82.67,80,13.85,overcast clouds
246,Siavonga,ZM,-16.5382,28.7088,72.99,84,1.3,overcast clouds
247,Victoria,HK,22.2855,114.1577,59.0,72,20.85,clear sky
248,Lompoc,US,34.6391,-120.4579,52.0,87,5.66,broken clouds
249,Pacific Grove,US,36.6177,-121.9166,55.99,54,6.91,scattered clouds
250,Sao Gabriel Da Cachoeira,BR,-0.1303,-67.0892,86.04,64,0.98,broken clouds
251,Bonfim,BR,3.0833,-59.95,86.49,51,8.08,overcast clouds
252,Calamar,CO,10.2511,-74.9146,80.6,74,11.5,clear sky
253,Techiman,GH,7.5862,-1.9414,78.85,61,6.96,overcast clouds
254,Turbat,PK,26.0023,63.044,54.23,42,0.47,clear sky
255,Ramgarh,IN,23.6333,85.5167,50.27,53,5.61,clear sky
256,Yerbogachen,RU,61.2767,108.0108,-44.25,78,5.5,scattered clouds
257,Madras,IN,13.0878,80.2785,75.2,88,8.1,mist
258,Lavrentiya,RU,65.5833,-171.0,-15.72,82,12.93,clear sky
259,Tromso,NO,69.6496,18.957,12.2,67,4.61,clear sky
260,Kotaparh,IN,19.15,82.35,62.06,75,1.95,broken clouds
261,Waingapu,ID,-9.6567,120.2641,78.49,82,13.4,overcast clouds
262,Christchurch,NZ,-43.5333,172.6333,63.0,63,9.22,overcast clouds
263,Mayo,US,38.8876,-76.5119,32.0,43,11.5,broken clouds
264,Tilichiki,RU,60.4667,166.1,-6.63,93,10.74,overcast clouds
265,Contamana,PE,-7.3333,-75.0167,89.51,51,7.34,broken clouds
266,Sisimiut,GL,66.9395,-53.6735,9.61,74,9.37,clear sky
267,Marigot,MF,18.0667,-63.0833,78.8,78,5.75,few clouds
268,Mabaruma,GY,8.2,-59.7833,75.81,84,4.07,overcast clouds
269,Sesheke,ZM,-17.4759,24.2968,69.33,93,3.38,light rain
270,Ibotirama,BR,-12.1853,-43.2206,83.03,42,1.34,broken clouds
271,Chor,PK,25.5167,69.7667,50.49,35,1.92,clear sky
272,Burnie,AU,-41.0667,145.9167,62.01,90,4.0,overcast clouds
273,Coihaique,CL,-45.5752,-72.0662,60.8,41,9.22,few clouds
274,Strezhevoy,RU,60.7333,77.5889,-36.4,74,2.24,clear sky
275,Hami,CN,42.8,93.45,19.08,85,2.13,clear sky
276,Ushtobe,KZ,45.2514,77.9838,13.84,88,8.19,clear sky
277,Snezhnogorsk,RU,69.1933,33.2531,5.0,92,2.24,light snow
278,Nome,US,64.5011,-165.4064,1.4,60,8.05,clear sky
279,Pemba,MZ,-12.974,40.5178,80.6,83,8.05,broken clouds
280,Bathsheba,BB,13.2167,-59.5167,77.0,78,13.8,scattered clouds
281,Bintulu,MY,3.1667,113.0333,77.0,94,4.41,scattered clouds
282,Ola,RU,59.5833,151.2833,-17.7,80,11.65,few clouds
283,Ostrovnoy,RU,68.0531,39.5131,8.06,94,18.72,overcast clouds
284,College,US,64.8569,-147.8028,6.01,71,3.44,broken clouds
285,Karratha,AU,-20.7377,116.8463,81.0,77,4.14,scattered clouds
286,Guanica,PR,17.9716,-66.908,79.0,68,3.0,scattered clouds
287,Merrill,US,45.1805,-89.6835,24.8,46,8.05,overcast clouds
288,Mango,US,27.9797,-82.3065,68.0,30,3.04,clear sky
289,Souillac,MU,-20.5167,57.5167,80.6,83,8.05,light rain
290,Hornepayne,CA,49.2138,-84.7705,5.13,94,4.0,overcast clouds
291,Hamilton,US,39.1834,-84.5333,34.0,47,3.44,clear sky
292,Aksu,CN,41.1231,80.2644,19.04,82,4.32,clear sky
293,Afyonkarahisar,TR,38.75,30.6667,27.73,85,4.16,clear sky
294,Tual,ID,-5.6667,132.75,83.46,73,13.15,overcast clouds
295,Olga,RU,43.7444,135.2892,-9.47,82,8.19,few clouds
296,Noshiro,JP,40.2039,140.0242,26.6,74,19.57,light snow
297,Kenai,US,60.5544,-151.2583,21.99,93,7.83,overcast clouds
298,Ohangaron,UZ,40.9064,69.6383,35.6,51,4.61,clear sky
299,Aktau,KZ,43.65,51.2,28.4,93,11.18,clear sky
300,Khovu-Aksy,RU,51.1333,93.6,18.34,88,9.75,overcast clouds
301,Talnakh,RU,69.4865,88.3972,-31.97,66,2.01,clear sky
302,Mar Del Plata,AR,-38.0023,-57.5575,75.2,57,3.44,clear sky
303,Dennery,LC,13.8996,-60.8879,80.6,74,6.91,few clouds
304,Epernay,FR,49.05,3.95,46.4,87,9.22,overcast clouds
305,Taoudenni,ML,22.6783,-3.9836,72.16,21,12.82,clear sky
306,Zyryanka,RU,65.75,150.85,-22.99,86,9.57,overcast clouds
307,Lagoa,PT,39.05,-27.9833,59.16,77,11.86,clear sky
308,Kaitangata,NZ,-46.2817,169.8464,59.0,66,1.99,broken clouds
309,Rio Gallegos,AR,-51.6226,-69.2181,51.8,43,24.16,scattered clouds
310,Inhambane,MZ,-23.865,35.3833,78.84,83,3.11,few clouds
311,Port Augusta,AU,-32.5,137.7667,68.0,68,12.66,overcast clouds
312,Yaan,NG,7.3833,8.5667,79.93,16,3.49,clear sky
313,Yanam,IN,16.7333,82.2167,67.93,94,2.04,broken clouds
314,Sept-Iles,CA,50.2001,-66.3821,14.0,57,8.05,clear sky
315,Teknaf,BD,20.8624,92.3058,61.43,57,8.57,clear sky
316,Gewane,ET,10.1664,40.6453,67.46,66,2.98,clear sky
317,Nurota,UZ,40.5614,65.6886,39.2,48,9.22,broken clouds
318,Kalmunai,LK,7.4167,81.8167,75.33,89,8.46,broken clouds
319,Emba,KZ,48.8264,58.1442,22.91,95,8.61,overcast clouds
320,Pokhara,NP,28.2333,83.9833,47.57,40,5.01,clear sky
321,Abay,KZ,49.6311,72.8539,-4.0,77,8.95,clear sky
322,Nara,JP,34.6851,135.8049,34.0,80,2.3,scattered clouds
323,Omaha,US,41.2586,-95.9378,37.4,75,13.8,overcast clouds
324,Comendador,DO,18.8775,-71.7028,74.71,67,8.77,clear sky
325,Krasnoselkup,RU,65.7,82.4667,-30.86,80,5.5,scattered clouds
326,Fenoarivo Atsinanana,MG,-17.3667,49.4167,76.64,85,3.74,broken clouds
327,Usakos,NA,-22.0,15.6,73.08,46,3.36,broken clouds
328,Kutum,SD,14.2,24.6667,56.05,36,10.98,clear sky
329,Sitka,US,57.0531,-135.33,37.4,52,13.8,overcast clouds
330,Hay River,CA,60.8156,-115.7999,-11.2,70,4.61,few clouds
331,Iqaluit,CA,63.7506,-68.5145,-13.0,77,34.52,snow
332,Broome,US,42.2506,-75.833,15.01,67,10.36,broken clouds
333,West Milford,US,41.1312,-74.3674,19.99,55,1.01,clear sky
334,Husavik,IS,66.0449,-17.3389,28.4,86,7.72,overcast clouds
335,Bambous Virieux,MU,-20.3428,57.7575,80.6,83,8.05,light rain
336,Fez,MA,34.0372,-4.9998,53.6,94,6.91,clear sky
337,Denpasar,ID,-8.65,115.2167,78.8,89,4.61,light rain
338,Lumeje,AO,-11.55,20.7833,67.33,86,4.47,overcast clouds
339,Lanxi,CN,29.2195,119.477,36.0,20,2.91,clear sky
340,Bilibino,RU,68.0546,166.4372,-25.46,79,4.76,few clouds
341,Yulara,AU,-25.2406,130.9889,80.6,50,16.11,overcast clouds
342,Hobyo,SO,5.3505,48.5268,75.58,75,16.37,few clouds
343,Ormara,PK,25.2088,64.6357,66.06,45,4.94,clear sky
344,Miri,MY,4.4148,114.0089,77.0,100,3.44,scattered clouds
345,Kruisfontein,ZA,-34.0033,24.7314,61.0,84,3.27,clear sky
346,Motygino,RU,58.1831,94.7592,-23.76,85,7.72,light snow
347,Saint-Louis,SN,16.3333,-15.0,82.4,18,2.3,clear sky
348,Araouane,ML,18.9048,-3.5265,70.03,21,7.65,clear sky
349,Tabou,CI,4.423,-7.3528,77.81,86,5.41,overcast clouds
350,Yacuiba,BO,-22.038,-63.6797,89.55,47,4.23,light rain
351,Bilma,NE,18.6853,12.9164,62.49,27,5.91,few clouds
352,Kapuskasing,CA,49.4169,-82.4331,3.2,78,8.05,overcast clouds
353,Saint-Augustin,CA,51.226,-58.6502,15.85,91,12.48,clear sky
354,Langham,CA,52.3668,-106.9679,10.4,79,6.91,broken clouds
355,Dolinsk,RU,47.35,142.8,24.8,68,17.9,snow
356,Ribeira Grande,PT,38.5167,-28.7,60.8,77,10.36,few clouds
357,Edeia,BR,-17.3383,-49.9314,77.72,69,3.49,overcast clouds
358,Macamic,CA,48.7502,-78.9996,5.0,72,10.36,light snow
359,Uruzgan,AF,32.8333,66.0,37.22,61,5.84,few clouds
360,Madang,PG,-5.2246,145.7966,78.24,89,6.51,overcast clouds
361,Laguna,US,38.421,-121.4238,52.0,71,3.44,overcast clouds
362,La Ronge,CA,55.1001,-105.2842,8.6,85,5.75,overcast clouds
363,Shingu,JP,33.7333,135.9833,34.7,82,7.52,clear sky
364,Saldanha,ZA,-33.0117,17.9442,64.74,89,11.63,clear sky
365,Arkadelphia,US,34.1209,-93.0538,53.6,47,3.44,overcast clouds
366,Pudozh,RU,61.8099,36.5345,22.15,97,6.71,overcast clouds
367,Bonavista,CA,48.6499,-53.1147,27.0,100,8.05,overcast clouds
368,Klyuchi,RU,52.2667,79.1667,13.89,95,8.19,broken clouds
369,Nouakchott,MR,18.0858,-15.9785,68.0,60,8.05,scattered clouds
370,Olafsvik,IS,64.8945,-23.7142,33.21,94,2.46,snow
371,Caravelas,BR,-17.7125,-39.2481,77.45,80,6.91,clear sky
372,Namatanai,PG,-3.6667,152.4333,83.26,79,12.57,overcast clouds
373,Saint Pete Beach,US,27.7253,-82.7412,64.0,51,5.44,clear sky
374,Ambovombe,MG,-25.1667,46.0833,77.04,86,6.8,clear sky
375,Cay,TR,38.5917,31.0286,28.08,84,5.59,clear sky
376,Fenoarivo,MG,-18.933,47.4354,62.6,94,3.15,scattered clouds
377,Seydi,TM,39.4816,62.9137,45.43,51,9.53,scattered clouds
378,Eucaliptus,BO,-17.5833,-67.5167,62.6,34,10.36,broken clouds
379,West Odessa,US,31.8424,-102.4988,69.8,24,12.66,clear sky
380,Dunedin,NZ,-45.8742,170.5036,59.0,61,8.01,broken clouds
381,Hirara,JP,24.8,125.2833,57.2,58,6.91,scattered clouds
382,Hirna,ET,9.2167,41.1,59.0,46,2.86,clear sky
383,Ust-Kuyga,RU,70.0167,135.6,-41.75,79,0.63,overcast clouds
384,Keuruu,FI,62.2667,24.7,19.4,93,10.36,light snow
385,Kamenka,RU,51.3223,42.7678,33.01,91,17.92,overcast clouds
386,Odesskoye,RU,54.2111,72.9651,11.91,95,4.83,scattered clouds
387,Sinnamary,GF,5.3833,-52.95,77.22,88,12.39,moderate rain
388,Kilindoni,TZ,-7.9139,39.6668,82.69,76,16.11,broken clouds
389,Muros,ES,42.7762,-9.0603,57.0,84,7.0,overcast clouds
390,Manuk Mangkaw,PH,4.8,119.85,80.94,79,14.81,overcast clouds
391,Mount Gambier,AU,-37.8333,140.7667,59.0,94,11.5,overcast clouds
392,Karaikkudi,IN,10.0667,78.7833,72.54,85,9.95,broken clouds
393,Sampang,ID,-7.1872,113.2394,75.2,94,9.22,haze
394,Garzon,CO,2.1959,-75.6278,80.19,59,1.19,overcast clouds
395,Toora-Khem,RU,52.4675,96.11,16.25,95,4.29,light snow
396,Mnogovershinnyy,RU,53.9353,139.9242,-9.29,92,4.72,overcast clouds
397,Klaeng,TH,12.7797,101.6483,75.0,92,2.75,broken clouds
398,Yarkovo,RU,57.4028,67.0786,11.1,96,5.37,overcast clouds
399,Pahrump,US,36.2083,-115.9839,52.0,54,8.01,overcast clouds
400,Terekli-Mekteb,RU,44.1671,45.8698,38.39,76,6.67,overcast clouds
401,Jaen,ES,38.0,-3.5,54.0,10,5.21,clear sky
402,Norman Wells,CA,65.282,-126.8329,-27.4,68,3.44,few clouds
403,Mweka,CD,-4.85,21.5667,73.26,75,1.07,overcast clouds
404,Zhongshu,CN,24.5167,103.7667,49.03,91,5.3,overcast clouds
405,Korla,CN,41.7597,86.1469,22.24,83,3.27,clear sky
406,Naze,JP,28.3667,129.4833,53.6,58,11.5,broken clouds
407,Dickinson,US,29.4608,-95.0513,62.6,59,11.5,clear sky
408,Nicoya,CR,10.1483,-85.452,86.0,42,26.46,clear sky
409,Salalah,OM,17.0151,54.0924,73.4,60,6.91,broken clouds
410,Terrace,CA,54.5163,-128.6035,17.6,73,19.57,snow
411,Bagdarin,RU,54.4333,113.6,-30.69,79,1.21,few clouds
412,Ergani,TR,38.2653,39.7621,37.4,100,10.36,light snow
413,Turukhansk,RU,65.8167,87.9833,-30.17,77,5.7,overcast clouds
414,Bairiki,KI,1.3292,172.9752,84.2,74,12.66,scattered clouds
415,Ucluelet,CA,48.9329,-125.5528,45.0,87,14.97,overcast clouds
416,Comodoro Rivadavia,AR,-45.8667,-67.5,62.6,42,11.5,clear sky
417,Novikovo,RU,51.1537,37.8879,28.33,98,13.09,snow
418,Gamba,GA,-2.65,10.0,78.12,89,6.4,moderate rain
419,The Valley,AI,18.217,-63.0578,78.8,83,6.91,few clouds
420,Mapiri,BO,-15.25,-68.1667,78.73,70,1.61,overcast clouds
421,Mizan Teferi,ET,6.9833,35.5833,67.77,59,2.15,overcast clouds
422,Fairbanks,US,64.8378,-147.7164,5.0,84,2.21,clear sky
423,Saint Anthony,US,45.0205,-93.218,25.0,68,9.22,overcast clouds
424,Port-De-Bouc,FR,43.4,4.9833,51.8,71,10.36,clear sky
425,Deputatskiy,RU,69.3,139.9,-31.14,86,2.17,overcast clouds
426,Honiara,SB,-9.4333,159.95,82.89,75,7.45,heavy intensity rain
427,Port Blair,IN,11.6667,92.75,78.75,81,7.45,broken clouds
428,Roald,NO,62.5833,6.1333,33.8,93,18.41,light snow
429,Pemangkat,ID,1.1667,108.9667,75.51,93,11.41,light rain
430,Praxedis Guerrero,MX,31.3667,-106.0167,57.2,44,3.44,overcast clouds
431,Tsuruoka,JP,38.7217,139.8217,28.4,86,26.46,snow
432,Zabolotovka,RU,50.2737,39.3147,32.81,96,17.29,snow
433,Binika,IN,21.0333,83.8,65.73,57,0.38,few clouds
434,Fomboni,KM,-12.28,43.7425,83.77,73,11.72,scattered clouds
435,Langsa,ID,4.4683,97.9683,72.55,92,2.28,overcast clouds
436,Xico,MX,19.2667,-98.9333,73.4,27,9.22,scattered clouds
437,Iracoubo,GF,5.4802,-53.2011,77.05,88,12.37,overcast clouds
438,Pedernales,DO,18.0384,-71.744,78.35,63,3.18,clear sky
439,Mount Isa,AU,-20.7333,139.5,87.8,51,5.75,broken clouds
440,Tisul,RU,55.7611,88.3122,10.2,95,14.2,light snow
441,Donauworth,DE,48.7,10.8,41.0,93,5.01,light rain
442,Mandalgovi,MN,45.7625,106.2708,14.77,90,11.48,broken clouds
443,Acari,PE,-15.4311,-74.6158,79.23,52,8.39,clear sky
444,Vestmanna,FO,62.1564,-7.1664,33.8,64,4.61,overcast clouds
445,Najran,SA,17.4924,44.1277,64.4,22,4.27,clear sky
446,Kunjah,PK,32.5285,73.9737,42.8,93,4.41,fog
447,Maiduguri,NG,11.8464,13.1603,68.72,27,11.18,clear sky
448,Kiruna,SE,67.8557,20.2251,-7.6,84,3.44,light snow
449,Dingle,PH,10.9995,122.6711,73.89,90,11.97,overcast clouds
450,Woodward,US,36.4337,-99.3904,59.0,36,24.16,clear sky
451,Eraniel,IN,8.2,77.3,80.6,78,3.83,mist
452,Bonnyville,CA,54.2668,-110.735,8.6,66,3.44,clear sky
453,Altagracia De Orituco,VE,9.8601,-66.3814,76.77,63,7.94,scattered clouds
454,General Roca,AR,-39.0333,-67.5833,69.8,68,12.66,clear sky
455,Bom Jesus,BR,-9.0744,-44.3586,80.78,57,2.55,broken clouds
456,Pisco,PE,-13.7,-76.2167,77.0,69,18.41,clear sky
457,Barmer,IN,25.75,71.3833,50.72,35,5.5,clear sky
458,Yambio,SS,4.5721,28.3955,77.68,28,4.38,overcast clouds
459,Sibolga,ID,1.7427,98.7792,74.07,91,1.48,overcast clouds
460,Sayat,TM,38.7839,63.8803,51.8,24,13.8,scattered clouds
461,Henties Bay,NA,-22.116,14.2845,66.99,84,6.82,scattered clouds
462,Nizhniy Odes,RU,63.6445,54.856,0.37,92,12.68,overcast clouds
463,Port-Cartier,CA,50.0334,-66.8654,14.0,57,8.05,few clouds
464,Deder,ET,9.3167,41.45,54.21,52,1.45,clear sky
465,Ca Mau,VN,9.1769,105.15,71.8,82,4.99,overcast clouds
466,Springfield,US,37.2153,-93.2982,48.99,49,16.11,clear sky
467,Ust-Tsilma,RU,65.441,52.1498,-4.86,90,8.81,overcast clouds
468,Sechura,PE,-5.5569,-80.8222,82.18,56,16.37,clear sky
469,Nohar,IN,29.1833,74.7667,51.3,39,4.18,clear sky
470,Mao,ES,39.8885,4.2658,55.4,94,4.61,clear sky
471,Asau,RO,46.4333,26.4,39.2,75,10.36,clear sky
472,Chumikan,RU,54.7183,135.315,-13.38,87,10.63,overcast clouds
473,Senno,RU,59.5336,33.9167,30.99,92,1.99,overcast clouds
474,Dudinka,RU,69.4058,86.1778,-36.06,78,5.77,clear sky
475,Vagay,RU,57.9375,69.0217,3.42,94,7.99,overcast clouds
476,Acapulco,MX,16.8634,-99.8901,84.2,70,11.5,broken clouds
477,Camocim,BR,-2.9022,-40.8411,80.49,77,14.83,overcast clouds
478,Aklavik,CA,68.2191,-135.0107,-31.0,75,3.44,scattered clouds
479,Ratnagiri,IN,16.9833,73.3,73.2,52,3.91,overcast clouds
480,Bairnsdale,AU,-37.8333,147.6167,66.0,94,1.01,broken clouds
481,Whyalla,AU,-33.0333,137.5833,68.0,68,12.66,overcast clouds
482,Rognan,NO,67.0953,15.3878,21.2,49,21.85,broken clouds
483,Kirakira,SB,-10.4544,161.9205,82.62,80,14.56,overcast clouds
484,Luba,GQ,3.4568,8.5547,78.8,89,6.91,few clouds
485,Pontes E Lacerda,BR,-15.2261,-59.3353,80.69,75,3.47,scattered clouds
486,Tautira,PF,-17.7333,-149.15,87.8,62,11.5,moderate rain
487,Arinos,BR,-15.9169,-46.1056,78.96,55,2.93,broken clouds
488,Bakchar,RU,57.0186,82.0711,-13.99,88,7.2,overcast clouds
489,Ojinaga,MX,29.5667,-104.4167,72.0,26,1.86,clear sky
490,Conde,BR,-7.2597,-34.9075,80.6,78,9.22,few clouds
491,Sundsvall,SE,62.3913,17.3063,8.01,92,4.61,light snow
492,Pekin,CN,39.9075,116.3972,25.0,57,4.47,clear sky
493,Tamluk,IN,22.3,87.9167,62.6,82,3.44,mist
494,Leninskoye,KZ,41.7589,69.3864,35.6,51,4.61,clear sky
495,Usukhchay,RU,41.4225,47.9132,39.2,93,2.84,overcast clouds
496,Pochutla,MX,15.7432,-96.4661,93.2,38,11.5,scattered clouds
497,Yetkul,RU,54.8221,61.588,1.4,92,4.47,overcast clouds
498,Altamira,BR,-3.2033,-52.2064,86.0,70,3.44,few clouds
499,Kandrian,PG,-6.2167,149.55,82.85,75,16.78,overcast clouds
500,Lasa,IT,46.6166,10.7002,37.0,93,3.44,snow
501,Samarai,PG,-10.6167,150.6667,82.29,76,7.18,broken clouds
502,Kiama,AU,-34.6833,150.8667,72.0,94,1.01,light rain
503,Xingyi,CN,24.1877,102.817,49.28,95,4.07,overcast clouds
504,Sola,VU,-13.8833,167.55,84.2,84,17.16,broken clouds
505,Palmer,US,42.1584,-72.3287,16.0,45,14.97,few clouds
506,Sorong,ID,-0.8833,131.25,78.48,82,5.99,overcast clouds
507,Roxas,PH,11.5853,122.7511,76.3,84,20.2,overcast clouds
508,Mbarara,UG,-0.608,30.65,65.21,62,2.84,broken clouds
509,Tura,IN,25.5198,90.2201,54.66,54,1.32,clear sky
510,Richards Bay,ZA,-28.783,32.0377,71.91,88,1.61,broken clouds
511,Qasigiannguit,GL,68.8193,-51.1922,-0.4,55,8.05,clear sky
512,Yeppoon,AU,-23.1333,150.7333,77.0,69,12.66,broken clouds
513,Sorland,NO,67.667,12.6934,19.4,79,3.44,scattered clouds
514,Presidencia Roque Saenz Pena,AR,-26.7852,-60.4388,95.07,37,6.33,broken clouds
515,Poya,NC,-21.35,165.15,81.43,68,3.49,few clouds
516,Muyezerskiy,RU,63.9333,31.65,15.75,96,10.25,light snow
517,Bondo,CD,3.8146,23.6866,74.66,70,1.41,broken clouds
518,Murray Bridge,AU,-35.1167,139.2667,63.0,77,12.55,overcast clouds
519,Bushehr,IR,28.9684,50.8385,68.18,56,2.39,broken clouds
520,Bambanglipuro,ID,-7.95,110.2833,75.06,91,4.79,heavy intensity rain
521,Vega De Alatorre,MX,20.0333,-96.6333,70.75,75,8.52,overcast clouds
522,Waverly,US,42.7392,-84.6208,24.8,54,1.54,clear sky
523,Orodara,BF,10.9492,-4.9342,78.8,29,6.91,clear sky
524,Kambia,SL,9.1167,-12.9167,75.06,83,4.92,clear sky
525,Abu Dhabi,AE,24.4667,54.3667,68.0,52,6.91,clear sky
526,Yichun,CN,47.7,128.9,-16.08,89,1.5,light snow
527,Hit,IQ,33.6416,42.8251,52.0,60,9.1,clear sky
528,Kuantan,MY,3.8077,103.326,73.4,94,2.3,few clouds
529,Ystad,SE,55.4297,13.8204,30.2,80,6.91,overcast clouds
530,Sakakah,SA,29.9697,40.2064,48.2,53,14.97,clear sky
531,Svetlaya,RU,46.5389,138.3297,4.28,90,13.47,overcast clouds
532,Alexandria,EG,31.2156,29.9553,55.4,76,8.05,scattered clouds
533,Rocha,UY,-34.4833,-54.3333,74.7,59,9.26,scattered clouds
534,Anito,PH,12.4497,125.2886,75.9,87,19.37,overcast clouds
535,Valleyview,CA,55.0667,-117.2859,8.6,66,6.91,clear sky
536,Qaqortoq,GL,60.7167,-46.0333,44.6,29,25.32,broken clouds
537,Pangody,RU,65.85,74.4859,-42.45,80,6.29,scattered clouds
538,Guaymas,MX,27.9333,-110.9,72.0,68,11.5,overcast clouds
539,Nantucket,US,41.2835,-70.0995,19.0,67,27.63,light snow
540,Jasper,US,37.2001,-94.3502,53.6,43,12.66,clear sky
541,Komatipoort,ZA,-25.4332,31.9548,75.0,90,2.19,clear sky
542,Gerash,IR,27.6652,54.1371,53.6,32,1.28,clear sky
543,Svay Rieng,KH,11.0879,105.7993,70.56,63,4.88,broken clouds
544,Bukene,TZ,-4.2333,32.8833,64.33,91,2.37,light rain
545,Puerto Rico,AR,-26.796,-55.024,80.44,79,5.93,clear sky
546,Makarov,RU,48.6333,142.8,12.4,92,13.71,light snow
547,Machiques,VE,10.0644,-72.545,84.6,50,10.65,overcast clouds
548,Rawson,AR,-43.3002,-65.1023,59.36,55,17.83,few clouds
549,Tula,RU,54.2044,37.6111,26.1,97,12.8,light snow
550,Axim,GH,4.8699,-2.2405,78.21,87,3.89,light rain
551,Kilingi-Nomme,EE,58.1503,24.9642,25.93,98,8.46,light snow
552,Dera Ghazi Khan,PK,30.0561,70.6348,50.07,40,3.33,clear sky
553,Vestmannaeyjar,IS,63.4427,-20.2734,36.61,79,7.92,overcast clouds
554,Yeniseysk,RU,58.4497,92.1703,-21.66,87,4.32,overcast clouds
555,San,ML,13.3034,-4.8956,76.08,17,9.1,clear sky
556,Marco,US,25.9726,-81.729,71.6,43,5.75,clear sky
557,Beaufort,MY,5.3473,115.7455,77.0,88,2.3,few clouds
558,Imeni Poliny Osipenko,RU,52.4201,136.4853,-7.44,91,10.36,light snow
559,Jerome,US,42.7241,-114.5186,42.8,65,11.5,overcast clouds
560,Dicabisagan,PH,17.0818,122.4157,68.92,82,13.94,overcast clouds
561,Huarmey,PE,-10.0681,-78.1522,74.43,67,9.89,scattered clouds
562,Morondava,MG,-20.2833,44.2833,81.99,78,2.39,overcast clouds
563,Uchiza,PE,-8.4592,-76.4633,79.57,82,1.07,broken clouds
564,Bani Walid,LY,31.7566,13.9942,61.36,39,11.16,clear sky
565,Boguchany,RU,58.3814,97.4531,-26.66,82,6.38,overcast clouds
566,Wanning,CN,18.8003,110.3967,65.98,82,5.79,overcast clouds
567,Tototlan,MX,20.55,-102.8,78.8,25,8.05,clear sky
568,Myitkyina,MM,25.3833,97.4,55.99,62,2.91,clear sky
569,Tolu,CO,9.5239,-75.5814,83.01,65,17.94,overcast clouds
570,Northam,GB,51.0333,-4.2167,46.0,92,10.0,moderate rain
571,Daru,PG,-9.0763,143.2092,77.59,86,12.26,heavy intensity rain
572,Rio Grande,BR,-32.035,-52.0986,80.01,88,2.86,broken clouds
573,Amapa,BR,1.0,-52.0,74.79,95,4.07,light rain
574,Zayukovo,RU,43.6161,43.3339,35.6,100,2.73,light intensity drizzle
575,Vao,NC,-22.6667,167.4833,75.67,76,22.28,overcast clouds
576,Baykit,RU,61.67,96.37,-40.45,75,4.65,overcast clouds
577,Hofn,IS,64.2539,-15.2082,21.2,86,4.61,clear sky
578,Zwedru,LR,6.0667,-8.1281,74.93,91,4.59,broken clouds
579,Caramay,PH,10.1815,119.236,76.93,80,11.86,overcast clouds
580,San Nicolas,PH,18.1725,120.5953,62.6,94,1.14,few clouds
581,Kasongo-Lunda,CD,-6.4667,16.8167,70.83,87,1.36,light rain
582,Sabha,LY,27.0377,14.4283,51.53,65,2.44,clear sky
583,Peniche,PT,39.3558,-9.3811,57.0,95,8.99,overcast clouds
584,Buritama,BR,-21.0661,-50.1472,76.87,80,7.16,overcast clouds
585,Mae Sot,TH,16.7167,98.5667,68.34,86,1.59,overcast clouds
586,Tezu,IN,27.9167,96.1667,57.7,36,3.29,few clouds
587,Lodwar,KE,3.1191,35.5973,82.22,40,6.76,clear sky
588,Margate,GB,51.3813,1.3862,46.99,84,1.99,overcast clouds
589,Tutoia,BR,-2.7619,-42.2744,84.2,79,13.8,broken clouds
590,Yarega,RU,63.4354,53.5765,4.84,94,10.51,overcast clouds
591,Inskoy,RU,54.4297,86.44,19.71,97,13.51,light snow
592,Guiyang,CN,26.5833,106.7167,39.2,93,6.71,mist
593,Vila Franca Do Campo,PT,37.7167,-25.4333,59.0,88,10.36,few clouds
594,Glushkovo,RU,51.3392,34.6328,25.27,97,7.9,overcast clouds
595,Maceio,BR,-9.6658,-35.7353,75.2,94,2.3,broken clouds
596,Shenjiamen,CN,29.9576,122.298,44.13,71,11.21,clear sky
597,Buraydah,SA,26.326,43.975,55.4,50,5.75,clear sky
598,Segou,ML,13.4317,-6.2157,74.73,18,7.54,clear sky
599,Preobrazheniye,RU,42.9019,133.9064,0.48,79,8.61,few clouds
600,Aberystwyth,GB,52.4155,-4.0829,43.0,100,5.39,overcast clouds
601,Calama,CL,-22.4667,-68.9333,71.6,12,24.16,clear sky
602,Malindi,KE,-3.2175,40.1191,80.6,78,13.8,broken clouds
603,Rybnoye,RU,54.7256,39.5119,26.4,98,15.79,snow
604,Neya,RU,58.2972,43.8681,22.8,97,8.25,overcast clouds
605,Zavyalovo,RU,54.5053,82.4484,19.4,86,8.95,broken clouds
606,Brainerd,US,46.358,-94.2008,21.2,73,6.91,haze
607,Brae,GB,60.3964,-1.353,33.8,75,14.97,scattered clouds
608,Atar,MR,20.5169,-13.0499,68.76,23,9.1,clear sky
609,Uyovu,TZ,-3.2833,31.5258,63.91,89,4.56,scattered clouds
610,Hrodna,BY,53.6884,23.8258,14.31,97,7.31,few clouds
611,Padang,ID,-0.9492,100.3543,73.4,100,2.3,moderate rain
612,San Andres,CO,12.5847,-81.7006,82.4,65,11.5,few clouds
613,Grand Gaube,MU,-20.0064,57.6608,77.0,82,5.01,light rain
614,Luderitz,NA,-26.6481,15.1594,71.73,37,23.35,clear sky
615,Chiang Klang,TH,19.2938,100.8617,67.03,74,0.63,broken clouds
616,Shatsk,RU,54.0258,41.7119,26.22,97,13.89,overcast clouds
617,Lubango,AO,-14.9172,13.4925,60.87,68,6.42,broken clouds
618,Walvis Bay,NA,-22.9575,14.5053,66.99,82,8.05,broken clouds
619,Wajima,JP,37.4,136.9,32.97,91,22.57,light snow
620,Poindimie,NC,-20.9333,165.3333,80.11,72,13.78,few clouds
621,Grenaa,DK,56.4158,10.8783,30.2,93,6.91,broken clouds
622,General Pico,AR,-35.6566,-63.7568,89.92,17,9.1,overcast clouds
623,Santa Isabel Do Rio Negro,BR,-0.4139,-65.0192,85.91,61,2.93,clear sky
624,Bodden Town,KY,19.2833,-81.25,78.8,61,14.97,scattered clouds
625,Griffith,US,41.5284,-87.4237,32.0,59,6.91,overcast clouds
626,Nongan,CN,44.382,125.1685,3.2,78,6.71,few clouds
627,Uppsala,SE,60.0,17.75,23.0,93,9.22,overcast clouds
628,Rovaniemi,FI,66.5,25.7167,8.6,85,12.66,light snow
629,Forbes,AU,-33.3833,148.0167,73.99,78,5.01,overcast clouds
630,Arys,KZ,42.4252,68.795,30.2,69,6.71,clear sky
631,Taltal,CL,-25.4,-70.4833,69.67,59,4.14,few clouds
632,Los Llanos De Aridane,ES,28.6585,-17.9182,64.4,94,8.05,broken clouds
633,Vardo,NO,70.3705,31.1107,23.0,93,14.97,light snow
634,Adrar,MR,20.5022,-10.0711,68.38,22,9.73,clear sky
635,Bubaque,GW,11.2833,-15.8333,78.75,73,12.66,clear sky
636,Beidao,CN,34.5686,105.8933,32.59,74,1.07,overcast clouds
637,Lodhran,PK,29.5405,71.6336,51.51,37,0.34,clear sky
638,Milkovo,RU,54.7167,158.6167,-2.79,91,2.06,overcast clouds
639,Lufilufi,WS,-13.8745,-171.5986,78.8,89,16.11,moderate rain
640,Skibbereen,IE,51.55,-9.2667,44.6,100,20.71,light rain
641,Gushikawa,JP,26.3544,127.8686,55.4,81,6.91,broken clouds
642,Akranes,IS,64.3218,-22.0749,30.2,74,2.3,scattered clouds
643,Fitii,PF,-16.7333,-151.0333,79.74,72,6.24,moderate rain
644,Fort Smith,US,35.3859,-94.3986,55.4,44,9.22,clear sky
645,Kozhevnikovo,RU,56.2589,83.9714,-2.0,87,10.0,overcast clouds
646,Katherine,AU,-14.4667,132.2667,77.0,88,1.14,scattered clouds
647,Roebourne,AU,-20.7833,117.1333,80.89,77,3.83,broken clouds
648,Zonguldak,TR,41.25,31.8333,33.01,85,6.4,overcast clouds
649,Soavinandriana,MG,-19.1667,46.7333,59.38,98,5.06,scattered clouds
650,Erzin,TR,36.9559,36.2,44.01,78,8.01,clear sky
651,Omsukchan,RU,62.5333,155.8,-29.74,81,5.03,overcast clouds
652,Chinsali,ZM,-10.5414,32.0816,64.13,92,2.1,overcast clouds
653,Westport,US,41.1415,-73.3579,21.99,42,14.97,clear sky
654,Mbuguni,TZ,-3.5667,36.95,75.2,60,11.5,light rain
655,Severnyy,RU,50.677,36.5532,28.4,93,6.71,light snow
656,Bud,US,39.447,-86.1758,32.0,62,6.17,few clouds
657,Labuhan,ID,-6.8844,112.2051,77.25,88,18.3,overcast clouds
658,Conceicao Do Araguaia,BR,-8.2578,-49.2647,77.76,87,3.09,light rain
659,Broken Hill,AU,-31.95,141.4333,66.2,68,19.57,clear sky
660,Rapar,IN,23.5667,70.6333,61.0,40,9.71,clear sky
661,Benjamin Constant,BR,-4.3831,-70.0311,77.0,88,2.3,scattered clouds
662,Arkhangelsk,RU,64.5401,40.5433,17.6,86,13.42,light snow
663,Brumadinho,BR,-20.1433,-44.1997,84.2,39,6.91,clear sky
664,Morant Bay,JM,17.8815,-76.4093,82.4,65,11.5,broken clouds
665,Bahia Honda,CU,22.9036,-83.1592,70.84,72,13.94,overcast clouds
666,Troitsko-Pechorsk,RU,62.7084,56.1964,-5.28,90,9.78,overcast clouds
667,Aykhal,RU,66.0,111.5,-35.01,81,7.45,overcast clouds
668,Yamada,JP,39.4667,141.95,26.83,84,29.84,clear sky
669,Barabai,ID,-2.5833,115.3833,72.43,86,1.14,moderate rain
670,Ponta Delgada,PT,37.7333,-25.6667,59.0,88,10.36,few clouds
671,Banikoara,BJ,11.2985,2.4386,76.26,18,6.62,clear sky
672,Maridi,SS,4.9158,29.4742,77.27,32,3.49,overcast clouds
673,San Quintin,MX,30.4833,-115.95,59.95,63,14.97,scattered clouds
674,Avera,US,33.194,-82.5271,52.0,32,1.72,clear sky
675,Moose Factory,CA,51.2585,-80.6094,1.4,78,5.75,light snow
676,Lucea,JM,18.451,-78.1736,79.0,73,19.57,scattered clouds
677,Amberg,DE,49.4414,11.8622,43.0,87,6.91,light rain
678,Smithers,CA,54.7804,-127.1743,15.8,67,10.36,broken clouds
679,Neuquen,AR,-38.9516,-68.0591,69.8,68,12.66,clear sky
680,Kavaratti,IN,10.5669,72.642,80.22,73,9.42,few clouds
681,Nyakahanga,TZ,-1.6033,31.1414,59.56,84,3.06,broken clouds
682,Burla,IN,21.5,83.8667,62.46,65,5.86,clear sky
683,Teguldet,RU,57.3064,88.1667,-12.93,88,6.98,overcast clouds
